first_name,last_name
Pru,Lipmann
Leon,Pendlebury
Christabel,Hawley
Ruprecht,Delahunt
Jannel,Atwool
Artus,Ebbers
Adam,Middlemass
Kristien,Comben
Colby,Regitz
Alyce,Bowley
Wilfrid,McSperrin
Kassie,Turrell
Amata,Martynov
Dynah,Sherrott
Lexie,Olander
Bentlee,Nisbet
Cameron,Bagg
Agneta,Kline
Prentiss,Demongeot
Kimberly,Halversen
Gussie,Farlam
Dunstan,Jevons
Phillie,Wattam
Luella,Sears
Brendis,Adkin
Jere,Rossin
Edvard,Causon
Adara,Karppi
Field,Ellesworth
Eudora,Blackden
Todd,Lewsie
Herculie,Raffin
Rona,Hamelyn
Kiley,Ahrend
Daffie,Gaffer
Tobye,Dorning
Juana,Rizon
Daisey,Timms
Poppy,Vlach
Kristofer,Urquhart
Emilee,Goodale
Blondell,Klousner
Waly,Rojas
Bryan,Yakutin
Claudina,Test
Gerardo,Cartmell
Demetra,Sumers
Cristine,Gates
Casper,Kopacek
Drusi,Sirkett
